{"intents": [
        {"tag": "greetings",
        "patterns": ["hello","hey","hi","good day","Greetings","what's up?","how is it going?"],
        "responses": ["Hello! How can I assist you today?","Hey! How can I help you?","What can I do for you?","Hi! How can I support you?"]
        },     
        {"tag": "name",
        "patterns": ["what is your name","name","who are you","what should I call you"],
        "responses": ["I'm your virtual UNAM Computer Centre helpdesk assitant"]
        },    
        {"tag": "Microsoft_Office_Help",
        "patterns": ["I need to install Microsoft office on my laptop","how to install microsoft office as a unam student","how to use microsoft office as a unam student", "Microsoft office installation"],
        "responses": ["You can download and install Microsoft Office for free as a UNAM student. \nSearch Microsoft Office 365 and login with: StudentNumber@students.unam.na \nand enter your portal account password \nFrom there, you can download and follow the installation instructions for Microsoft Office."]
        },
        {"tag": "Wi-Fi",
       "patterns": ["I'm having trouble connecting to the UNAM Wi-Fi network.","WiFi connection","how to connect to unam wifi"],
       "responses": ["Please make sure you are in a Wi-Fi coverage area. \nIf there is no any network showing restart your device \nThis often solves connectivity issues. \nConnect to the Wi-Fi that describe you on campus by entering your credintials."]
       },
        {"tag": "Location",
       "patterns": ["location","where it is located"],
       "responses": ["Location: [IT Department, Main Campus]"]
       },
       {"tag": "Printing",
       "patterns": ["How can I print documents on campus?","how to use printers as a unam student","printing","Printing help"],
       "responses": ["You can print documents on campus at various computer labs and libraries. \nBy entering this IP address \\192.168.135.43 into the computer you are using and choose the desired printing which is unam color or virtual printer. \nFirst, make sure you have sufficient print credits on your UNAM account. \nThen, visit a designated printing location and log in with your credentials to release your print job."]
       },
       {"tag": "Contact",
       "patterns": ["contact details","How can I contact UNAM Computer Centre?","cellphone number","email address","Contact"],
       "responses": ["You can contact us on Phone:+264 61 206 3111/3199 Email: it-helpdesk@unam.edu.na"]
       },
       {"tag": "password_reset",
       "patterns": ["I forgot my portal password","password reset as a unam student", "Can you reset my password?", "Password help"],
       "responses": ["Of course! I can assist you in resetting your password. \nPlease provide me with your UNAM username so that I can initiate the process."]
       },
       {"tag": "password_reset_username_provided",
       "patterns": ["My username is 201710807", "Username is 201710807"],
       "responses": ["Thank you for providing your username. \nI'll initiate the account unlocking process for you.", "Got it, I've started the password reset procedure."]
       },
       {"tag": "Course_materials",
       "patterns": ["How can I access my course materials online?", "elearning", "Moodle"],
       "responses": ["To access your course materials \nlog in to UNAM's e-learning platform using your UNAM credentials. \nYou can access it here: [https://elearning.unam.edu.na/]. \nOnce logged in, you'll find your course materials under the 'My Courses' section."]
       },
       {"tag": "Opening_hours",
       "patterns": ["When is the helpdesk open?","Support hours","Operating time","opening hours"],
       "responses": ["The UNAM Computer Centre Helpdesk is open from Monday to Friday, 8 AM to 4:30 PM. We're here to assist you during these hours."]
       },
       {"tag": "login",
       "patterns": ["How do I log in to my UNAM portal?", "Login help", "Can't access my account", "Login link to portal"],
       "responses": ["To log in to your UNAM account, \nyou can visit the UNAM portal on [https://my.unam.edu.na/login] \nand enter your credentials."]
       },
       {"tag": "services",
       "patterns": ["What services does UNAM Computer Centre offer?","Services Offered", "Tell me about your services", "Services"],
       "responses": ["The UNAM Computer Centre provide various services including IT support, \nsoftware installations, network assistance, and more. \nHow can I assist you specifically?"]
       },
       {"tag": "goodbye",
       "patterns": ["See you later","Goodbye","I am leaving","Have a Good Day","bye"],
       "responses": ["Sad to see you go","Talk to you later","Goodbye"]
       },
       {"tag": "invalid",
         "patterns": ["","wertyiuokjo","rtew"],
         "responses": ["Sorry, can't understand you","Please give me more info","Not sure I understand"]
       },
       {"tag": "thanks",
         "patterns": ["Thanks","Thank you","That's helpful","Awesome, thanks","Thanks for helping me","Appreciate it"],
         "responses": ["Happy to help!","Any time!","My pleasure","You're welcome!"]
       },

       {
        "tag": "account_locked",
        "patterns": ["My UNAM account is locked","Account locked","Account unlock", "Account lock issue", "Unlock my account"],
        "responses": ["I can help you with that. Please provide your UNAM username, and I'll initiate the account unlocking process for you."]
      },
      {
        "tag": "virus_malware",
        "patterns": ["I suspect my computer has a virus or malware","Virus scan","virus malware", "Virus removal", "Malware scan", "Security issues"],
        "responses": ["If you suspect your computer has malware or a virus, please run a reputable antivirus program to scan and remove any threats. Additionally, you can contact us for further assistance."]
    },
    {"tag": "network_issues",
    "patterns": ["I'm facing network connectivity problems","network issues","I'm experiencing network issues","network troubleshooting","network support"],
    "responses": ["Network issues can be frustrating. Please check your device's network settings. \nif the problem persists restart your device, it also help"]
    }
      ]
    }